{"cameraMode":{"drawMode":0,"name":"Shaded","section":"Shading Mode"},"sceneLighting":true,"audioPlay":false,"sceneViewState":{"m_AlwaysRefresh":false,"showFog":true,"showSkybox":true,"showFlares":true,"showImageEffects":true,"showParticleSystems":true,"showVisualEffectGraphs":true,"m_FxEnabled":true},"in2DMode":false,"pivot":{"x":-0.026689767837524415,"y":5.730214595794678,"z":0.6356201171875},"rotation":{"x":0.21448029577732087,"y":-0.5033738613128662,"z":0.13057196140289308,"w":0.8268070220947266},"size":12.110539436340332,"orthographic":false}