{"cameraMode":{"drawMode":0,"name":"Shaded","section":"Shading Mode"},"sceneLighting":true,"audioPlay":false,"sceneViewState":{"m_AlwaysRefresh":false,"showFog":true,"showSkybox":true,"showFlares":true,"showImageEffects":true,"showParticleSystems":true,"showVisualEffectGraphs":true,"m_FxEnabled":true},"in2DMode":false,"pivot":{"x":3.0006213188171388,"y":0.6913039684295654,"z":-0.4179724454879761},"rotation":{"x":0.2639369070529938,"y":-0.03761022165417671,"z":0.010300169698894024,"w":0.9637531042098999},"size":17.340185165405275,"orthographic":false}